Model	F1-score	Precision	Recall	Accuracy	AUPRC
bert_ELMoFalse_[14, 14, 14]	0.735699489419534	0.6718004627687945	0.8135454762167788	0.7025504190766432	0.7756011668973172
