Model	F1-score	Precision	Recall	Accuracy	AUPRC
bilstm_ELMoFalse_[14, 14, 14]	0.5907527993282576	0.6955290074031376	0.5236242981706406	0.6383170405693762	0.6883199578639104
