Model	F1-score	Precision	Recall	Accuracy	AUPRC
bilstm_ELMoTrue_[14, 14, 14]	0.7568544374187791	0.7237771356231066	0.7947634856862665	0.740737845920567	0.7947141842415625
