Model	F1-score	Precision	Recall	Accuracy	AUPRC
cnn_ELMoTrue_[14, 14, 14]	0.7693947236710393	0.7131337952102704	0.8373829638372551	0.7447920395025857	0.8295766466145875
