Model	F1-score	Precision	Recall	Accuracy	AUPRC
cnn_ELMoFalse_[14, 14, 14]	0.6964362964354259	0.7092714775811372	0.6884943592009659	0.6958968287293619	0.7564550321096934
