Model	F1-score	Precision	Recall	Accuracy	AUPRC
lstm_ELMoTrue_[14, 14, 14]	0.7418778826849955	0.7077919069788988	0.7799855806408474	0.7236783861040147	0.7893681516235701
