Model	F1-score	Precision	Recall	Accuracy	AUPRC
lstm_ELMoFalse_[14, 14, 14]	0.594590465133701	0.6910092173157977	0.5399894955743808	0.6406032180970854	0.696852269965987
